Temperature,L,R,A_M,Color,Spectral_Class,Mass_est,Surf_Gravity_rel,Density_rel,Brightness_Index,Energy_Index,Size_Index,StellarPower,Power_Density_Index,Metallicity_Index,Star_Compactness_Index,Stability_Class,Evolutionary_Stage_Index,,Galaxy_Region,Activity_Level,Lifecycle_Group,Type
3068,0.0024,0.17,16.12,Red,M,0.0084,0.290657439,1.709749644,0.083044983,7.3632,2.7404,43.31294118,254.7820069,3,36.31969243,Stable,1,,Outer,Low,Medium-life,0
3042,0.0005,0.1542,16.6,Red,M,0.00175,0.073598557,0.477292849,0.021028159,1.521,2.55972,9.86381323,63.96766037,3,31.088191,Stable,1,,Outer,Low,Long-life,0
2600,0.0003,0.102,18.7,Red,M,0.00105,0.100922722,0.989438451,0.028835063,0.78,1.9074,7.647058824,74.97116494,3,92.82451748,Stable,1,,Outer,Low,Long-life,0
2800,0.0002,0.16,16.65,Red,M,0.0007,0.02734375,0.170898438,0.0078125,0.56,2.664,3.5,21.875,3,21.41861968,Stable,1,,Outer,Low,Long-life,0
1939,0.000138,0.103,20.06,Red,M,0.000483,0.045527382,0.442013421,0.013007824,0.267582,2.06618,2.597883495,25.22216986,3,72.20988216,Stable,1,,Outer,Low,Long-life,0
2840,0.00065,0.11,16.98,Red,M,0.002275,0.188016529,1.709241172,0.053719008,1.846,1.8678,16.78181818,152.5619835,3,92.30511351,Stable,1,,Outer,Low,Long-life,0
2637,0.00073,0.127,17.22,Red,M,0.002555,0.158410317,1.247325329,0.045260091,1.92501,2.18694,15.15755906,119.3508587,3,62.00052523,Stable,1,,Outer,Low,Long-life,0
2600,0.0004,0.096,17.4,Red,M,0.0014,0.151909722,1.58239294,0.043402778,1.04,1.6704,10.83333333,112.8472222,3,120.8777308,Stable,1,,Outer,Low,Long-life,0
2650,0.00069,0.11,17.45,Red,M,0.002415,0.199586777,1.814425244,0.057024793,1.8285,1.9195,16.62272727,151.1157025,3,93.8935956,Stable,1,,Outer,Low,Long-life,0
2700,0.00018,0.13,16.05,Red,M,0.00063,0.037278107,0.286754665,0.010650888,0.486,2.0865,3.738461538,28.75739645,3,38.74786712,Stable,1,,Outer,Low,Long-life,0
3600,0.0029,0.51,10.69,Red,M,0.01015,0.039023453,0.076516574,0.011149558,10.44,5.4519,20.47058824,40.1384083,2,1.419908399,Variable,1,,Mid,Low,Medium-life,1
3129,0.0122,0.3761,11.79,Red,M,0.0427,0.301870871,0.802634595,0.08624882,38.1738,4.434219,101.4990694,269.8725589,3,5.337472687,Variable,1,,Outer,Low,Medium-life,1
3134,0.0004,0.196,13.21,Red,M,0.0014,0.036443149,0.185934432,0.010412328,1.2536,2.58916,6.395918367,32.63223657,3,14.20338252,Stable,1,,Outer,Low,Long-life,1
3628,0.0055,0.393,10.48,Red,M,0.01925,0.124636611,0.317141505,0.03561046,19.954,4.11864,50.7735369,129.1947504,2,3.725732659,Variable,1,,Mid,Low,Medium-life,1
2650,0.0006,0.14,11.782,Red,M,0.0021,0.107142857,0.765306122,0.030612245,1.59,1.64948,11.35714286,81.12244898,3,43.76104445,Stable,1,,Outer,Low,Long-life,1
3340,0.0038,0.24,13.07,Red,M,0.0133,0.230902778,0.962094907,0.065972222,12.692,3.1368,52.88333333,220.3472222,3,14.7189176,Variable,1,,Outer,Low,Medium-life,1
2799,0.0018,0.16,14.79,Red,M,0.0063,0.24609375,1.538085938,0.0703125,5.0382,2.3664,31.48875,196.8046875,3,40.12658463,Stable,1,,Outer,Low,Medium-life,1
3692,0.00367,0.47,10.8,Red,M,0.012845,0.058148483,0.123720178,0.016613852,13.54964,5.076,28.82902128,61.33834314,2,1.940424414,Variable,1,,Mid,Low,Medium-life,1
3192,0.00362,0.1967,13.53,Red,M,0.01267,0.327467267,1.664805627,0.093562076,11.55504,2.661351,58.74448399,298.6501474,3,26.36787209,Variable,1,,Outer,Low,Medium-life,1
3441,0.039,0.351,11.18,Red,M,0.1365,1.107945552,3.156540035,0.316555872,134.199,3.92418,382.3333333,1089.268756,3,9.152203775,Variable,1,,Outer,Medium,Medium-life,1
25000,0.056,0.0084,10.58,Blue White,B,0.196,2777.777778,330687.8307,793.6507937,1400,0.088872,166666.6667,19841269.84,1,740459.9581,Variable,1,,Inner,Medium,Medium-life,2
7740,0.00049,0.01234,14.02,White,A,0.001715,11.26247409,912.6802344,3.217849741,3.7926,0.1730068,307.3419773,24906.15699,2,60310.96231,Stable,1,,Mid,Medium,Long-life,2
7220,0.00017,0.011,14.23,White,F,0.000595,4.917355372,447.0323065,1.404958678,1.2274,0.15653,111.5818182,10143.80165,2,62922.70012,Stable,1,,Mid,Low,Long-life,2
8500,0.0005,0.01,14.5,White,A,0.00175,17.5,1750,5,4.25,0.145,425,42500,2,113985.2281,Stable,1,,Mid,Medium,Long-life,2
16500,0.013,0.014,11.89,Blue White,B,0.0455,232.1428571,16581.63265,66.32653061,214.5,0.16646,15321.42857,1094387.755,1,105376.2077,Variable,1,,Inner,Medium,Medium-life,2
12990,0.000085,0.00984,12.23,Yellowish White,F,0.0002975,3.072534536,312.2494447,0.87786701,1.10415,0.1203432,112.2103659,11403.49246,1,72109.34333,Stable,1,,Inner,Low,Long-life,2
8570,0.00081,0.0097,14.2,Blue white,A,0.002835,30.1307259,3106.260402,8.608778829,6.9417,0.13774,715.6391753,73777.23456,2,143349.0445,Stable,1,,Mid,Medium,Long-life,2
7700,0.00011,0.0128,14.47,Yellowish White,F,0.000385,2.349853516,183.5823059,0.671386719,0.847,0.185216,66.171875,5169.677734,2,35264.63797,Stable,1,,Mid,Low,Long-life,2
11790,0.00015,0.011,12.59,Yellowish White,F,0.000525,4.338842975,394.4402705,1.239669421,1.7685,0.13849,160.7727273,14615.70248,2,60712.2866,Stable,1,,Mid,Medium,Long-life,2
7230,0.00008,0.013,14.08,Pale yellow orange,F,0.00028,1.656804734,127.446518,0.473372781,0.5784,0.18304,44.49230769,3422.485207,2,30734.36362,Stable,1,,Mid,Low,Long-life,2
39000,204000,10.6,-4.7,Blue,O,714000,6354.574582,599.4881681,1815.592738,7956000000,-49.82,750566037.7,70808116.77,1,0.027613382,Flare-Star,2,,Inner,High,Short-life,3
30000,28840,6.3,-4.2,Blue-white,B,100940,2543.209877,403.6841074,726.6313933,865200000,-26.46,137333333.3,21798941.8,1,0.07520777,Flare-Star,2,,Inner,High,Medium-life,3
15276,1136,7.2,-1.97,Blue-white,B,3976,76.69753086,10.65243484,21.91358025,17353536,-14.184,2410213.333,334751.8519,1,0.019997134,Variable,2,,Inner,High,Medium-life,3
9700,74,2.89,0.16,Whitish,B,259,31.01016511,10.73016094,8.860047174,717800,0.4624,248373.7024,85942.45759,2,0.141700922,Variable,1,,Mid,Medium,Medium-life,3
5800,0.81,0.9,5.05,yellow-white,F,2.835,3.5,3.888888889,1,4698,4.545,5220,5800,2,1.291591964,Variable,1,,Mid,Medium,Medium-life,3
8052,8.7,1.8,2.42,Whitish,A,30.45,9.398148148,5.221193416,2.685185185,70052.4,4.356,38918,21621.11111,2,0.31813874,Variable,1,,Mid,Medium,Medium-life,3
6757,1.43,1.12,2.41,yellow-white,F,5.005,3.989955357,3.56246014,1.139987245,9662.51,2.6992,8627.241071,7702.893814,2,0.788365584,Variable,1,,Mid,Medium,Medium-life,3
6380,1.35,0.98,2.93,yellow-white,F,4.725,4.919825073,5.020229666,1.405664307,8613,2.8714,8788.77551,8968.138276,2,1.15760393,Variable,1,,Mid,Medium,Medium-life,3
5936,1.357,1.106,4.46,yellow-white,F,4.7495,3.882733994,3.510609398,1.10935257,8055.152,4.93276,7283.139241,6585.116854,2,0.806518949,Variable,1,,Mid,Medium,Medium-life,3
5587,0.819,0.99,5.03,yellow-white,F,2.8665,2.924701561,2.954244001,0.835629017,4575.753,4.9797,4621.972727,4668.65932,2,0.973460622,Variable,1,,Mid,Medium,Medium-life,3
3826,200000,19,-6.93,Red,M,700000,1939.058172,102.0556932,554.0166205,765200000,-131.67,40273684.21,2119667.59,2,0.004767813,Flare-Star,2,,Mid,High,Short-life,4
3365,340000,23,-6.2,Red,M,1190000,2249.52741,97.80553957,642.7221172,1144100000,-142.6,49743478.26,2162759.924,3,0.0031278,Flare-Star,2,,Outer,High,Short-life,4
3270,150000,88,-6.02,Red,M,525000,67.79442149,0.770391153,19.36983471,490500000,-529.76,5573863.636,63339.3595,3,4.42E-05,Flare-Star,3,,Outer,High,Short-life,4
3200,195000,17,-7.22,Red,M,682500,2361.591696,138.9171586,674.7404844,624000000,-122.74,36705882.35,2159169.55,3,0.00660833,Flare-Star,2,,Outer,High,Short-life,4
3008,280000,25,-6,Red,M,980000,1568,62.72,448,842240000,-150,33689600,1347584,3,0.00230415,Flare-Star,2,,Outer,High,Short-life,4
3600,320000,29,-6.6,Red,M,1120000,1331.747919,45.92234204,380.4994055,1152000000,-191.4,39724137.93,1369797.86,2,0.001533578,Flare-Star,2,,Mid,High,Short-life,4
3575,123000,45,-6.78,Red,M,430500,212.5925926,4.724279835,60.74074074,439725000,-305.1,9771666.667,217148.1481,2,0.000312335,Variable,3,,Mid,High,Medium-life,4
3574,200000,89,-5.24,Red,M,700000,88.37268022,0.992951463,25.2493372,714800000,-466.36,8031460.674,90241.13117,2,4.64E-05,Flare-Star,3,,Mid,High,Short-life,4
3625,184000,84,-6.74,Red,M,644000,91.26984127,1.086545729,26.07709751,667000000,-566.16,7940476.19,94529.47846,2,5.39E-05,Flare-Star,3,,Mid,High,Short-life,4
33750,220000,26,-6.1,Blue,B,770000,1139.053254,43.80974056,325.443787,7425000000,-158.6,285576923.1,10983727.81,1,0.001911994,Flare-Star,2,,Inner,High,Short-life,4
3490,270000,1520,-9.4,Red,M,945000,0.409020083,0.000269092,0.116862881,942300000,-14288,619934.2105,407.8514543,3,1.01E-08,Flare-Star,3,,Outer,Medium,Short-life,5
3750,283000,1260,-7.63,Red,M,990500,0.623897707,0.000495157,0.178256488,1061250000,-9613.8,842261.9048,668.4618292,2,1.81E-08,Flare-Star,3,,Mid,Medium,Short-life,5
3834,272000,1183,-9.2,Red,M,952000,0.680248291,0.00057502,0.194356654,1042848000,-10883.6,881528.3178,745.1634132,2,2.16E-08,Flare-Star,3,,Mid,Medium,Short-life,5
3749,550000,1648,-8.05,Orange,M,1925000,0.708787939,0.00043009,0.20251084,2061950000,-13266.4,1251183.252,759.2131386,2,9.76E-09,Flare-Star,3,,Mid,High,Short-life,5
3650,310000,1324,-7.79,Red,M,1085000,0.618947436,0.000467483,0.176842124,1131500000,-10313.96,854607.2508,645.4737543,2,1.60E-08,Flare-Star,3,,Mid,Medium,Short-life,5
3450,263000,1349,-11.75,Red,M,920500,0.505824538,0.000374963,0.144521297,907350000,-15850.75,672609.3403,498.5984731,3,1.44E-08,Flare-Star,3,,Outer,Medium,Short-life,5
3660,363000,1673,-11.92,Red,M,1270500,0.453923626,0.000271323,0.129692465,1328580000,-19942.16,794130.3048,474.6744201,2,8.28E-09,Flare-Star,4,,Mid,Medium,Short-life,5
3450,174000,1284,-11.28,Red,M,609000,0.369391795,0.000287688,0.105540513,600300000,-14483.52,467523.3645,364.1147698,3,1.48E-08,Flare-Star,3,,Outer,Medium,Short-life,5
3752,209000,955,-11.24,Red,M,731500,0.802061347,0.000839855,0.229160385,784168000,-10734.2,821118.3246,859.809764,2,3.80E-08,Flare-Star,3,,Mid,Medium,Short-life,5
3535,195000,1546,-11.36,Red,M,682500,0.285550994,0.000184703,0.081585998,689325000,-17562.56,445876.4554,288.4065041,2,8.79E-09,Flare-Star,3,,Mid,Medium,Short-life,5
3341,0.0056,0.057,16.23,Red,M,0.0196,6.032625423,105.8355337,1.723607264,18.7096,0.92511,328.2385965,5758.571868,3,1227.44088,Variable,1,,Outer,Medium,Medium-life,0
3432,0.00067,0.19,16.94,Red,M,0.002345,0.064958449,0.341886572,0.018559557,2.29944,3.2186,12.10231579,63.69639889,3,18.06772312,Stable,1,,Outer,Low,Long-life,0
2983,0.00024,0.094,16.09,Red,M,0.00084,0.095065641,1.011336602,0.027161612,0.71592,1.51246,7.616170213,81.02308737,3,111.2733286,Stable,1,,Outer,Low,Long-life,0
2835,0.00034,0.0918,16.96,Red,M,0.00119,0.141208747,1.538221643,0.040345356,0.9639,1.556928,10.5,114.379085,3,131.9671789,Stable,1,,Outer,Low,Long-life,0
2935,0.00014,0.116,18.89,Red,M,0.00049,0.036414982,0.31392226,0.010404281,0.4109,2.19124,3.542241379,30.53656361,3,50.759783,Stable,1,,Outer,Low,Long-life,0
3295,0.00098,0.132,17.13,Red,M,0.00343,0.196854913,1.491325097,0.056244261,3.2291,2.26116,24.46287879,185.3248393,3,60.06597261,Stable,1,,Outer,Low,Long-life,0
2945,0.00032,0.093,18.34,Red,M,0.00112,0.129494739,1.392416551,0.036998497,0.9424,1.70562,10.13333333,108.9605735,3,124.7448361,Stable,1,,Outer,Low,Long-life,0
2817,0.00098,0.0911,16.45,Red,M,0.00343,0.41329235,4.536688798,0.118083528,2.76066,1.498595,30.30362239,332.6412996,3,182.7238244,Stable,1,,Outer,Low,Long-life,0
2774,0.00036,0.118,17.39,Red,M,0.00126,0.090491238,0.7668749,0.025854639,0.99864,2.05202,8.463050847,71.72076989,3,63.15975066,Stable,1,,Outer,Low,Long-life,0
2871,0.00072,0.12,19.43,Red,M,0.00252,0.175,1.458333333,0.05,2.06712,2.3316,17.226,143.55,3,73.20677258,Stable,1,,Outer,Low,Long-life,0
3345,0.021,0.273,12.3,Red,M,0.0735,0.986193294,3.612429648,0.281769513,70.245,3.3579,257.3076923,942.5190194,3,16.29844394,Variable,1,,Outer,Medium,Medium-life,1
3607,0.022,0.38,10.12,Red,M,0.077,0.533240997,1.403265782,0.152354571,79.354,3.8456,208.8263158,549.5429363,2,6.124289196,Variable,1,,Mid,Medium,Medium-life,1
3304,0.0085,0.18,13.2,Red,M,0.02975,0.918209877,5.101165981,0.262345679,28.084,2.376,156.0222222,866.7901235,3,43.91247262,Variable,1,,Outer,Medium,Medium-life,1
3150,0.0088,0.35,11.94,Red,M,0.0308,0.251428571,0.718367347,0.071836735,27.72,4.179,79.2,226.2857143,3,6.032609336,Variable,1,,Outer,Low,Medium-life,1
3550,0.004,0.291,10.89,Red,M,0.014,0.165326342,0.568131761,0.047236098,14.2,3.16899,48.79725086,167.6881473,2,8.379060309,Variable,1,,Mid,Low,Medium-life,1
3180,0.001,0.35,11.76,Red,M,0.0035,0.028571429,0.081632653,0.008163265,3.18,4.116,9.085714286,25.95918367,3,3.240805818,Stable,1,,Outer,Low,Long-life,1
2890,0.0034,0.24,13.46,Red,M,0.0119,0.206597222,0.860821759,0.059027778,9.826,3.2304,40.94166667,170.5902778,3,14.25852288,Variable,1,,Outer,Low,Medium-life,1
3342,0.0015,0.307,11.87,Red,M,0.00525,0.055703509,0.181444654,0.015915288,5.013,3.64409,16.32899023,53.18889325,3,5.392048684,Stable,1,,Outer,Low,Medium-life,1
2621,0.0006,0.098,12.81,Red,M,0.0021,0.218658892,2.231213185,0.062473969,1.5726,1.25538,16.04693878,163.7442732,3,127.58322,Stable,1,,Outer,Low,Long-life,1
3158,0.00135,0.161,13.98,Red,M,0.004725,0.182284634,1.132202696,0.052081324,4.2633,2.25078,26.48012422,164.4728213,3,36.27586144,Stable,1,,Outer,Low,Medium-life,1
7100,0.00029,0.012,14.09,White-Yellow,F,0.001015,7.048611111,587.3842593,2.013888889,2.059,0.16908,171.5833333,14298.61111,2,56456.35466,Stable,1,,Mid,Medium,Long-life,2
10574,0.00014,0.0092,12.02,White,F,0.00049,5.789224953,629.2635818,1.654064272,1.48036,0.110584,160.9086957,17490.07561,2,101749.0217,Stable,1,,Mid,Medium,Long-life,2
8930,0.00056,0.0095,13.78,white,A,0.00196,21.71745152,2286.047529,6.20498615,5.0008,0.13091,526.4,55410.52632,2,137321.9775,Stable,1,,Mid,Medium,Long-life,2
17200,0.00098,0.015,12.45,Blue White,B,0.00343,15.24444444,1016.296296,4.355555556,16.856,0.18675,1123.733333,74915.55556,1,40933.27849,Variable,1,,Inner,Medium,Long-life,2
14100,0.00067,0.0089,12.17,Blue White,B,0.002345,29.60484787,3326.387401,8.458527964,9.447,0.108313,1061.460674,119265.2443,1,175790.0175,Stable,1,,Inner,Medium,Long-life,2
9675,0.00045,0.0109,13.98,Blue White,A,0.001575,13.25645989,1216.188981,3.78755997,4.35375,0.152382,399.4266055,36644.64271,2,85407.40177,Stable,1,,Mid,Medium,Long-life,2
12010,0.00078,0.0092,12.13,Blue White,B,0.00273,32.25425331,3505.897099,9.215500945,9.3678,0.111596,1018.23913,110678.1664,1,166212.4485,Stable,1,,Inner,Medium,Long-life,2
10980,0.00074,0.0087,11.19,Blue White,B,0.00259,34.21852292,3933.163554,9.776720835,8.1252,0.097353,933.9310345,107348.3948,2,193614.1167,Stable,1,,Mid,Medium,Long-life,2
13720,0.00018,0.00892,12.97,white,F,0.00063,7.9179151,887.6586435,2.262261457,2.4696,0.1156924,276.8609865,31038.22719,1,119945.3167,Stable,1,,Inner,Medium,Long-life,2
19860,0.0011,0.0131,11.34,Blue,B,0.00385,22.43459006,1712.564127,6.409882874,21.846,0.148554,1667.633588,127300.2739,1,63514.03988,Variable,1,,Inner,Medium,Long-life,2
5300,0.59,0.91,5.49,yellow-white,F,2.065,2.493660186,2.740285919,0.712474339,3127,4.9959,3436.263736,3776.113996,2,1.141313539,Variable,1,,Mid,Medium,Medium-life,3
4526,0.153,0.865,6.506,yellowish,K,0.5355,0.715693809,0.827391686,0.204483945,692.478,5.62769,800.5526012,925.4943366,2,0.903662732,Variable,1,,Mid,Medium,Medium-life,3
4077,0.085,0.795,6.228,yellowish,K,0.2975,0.470709228,0.59208708,0.134488351,346.545,4.95126,435.9056604,548.3090068,2,0.984052586,Variable,1,,Mid,Medium,Medium-life,3
4980,0.357,1.13,4.78,Yellowish,K,1.2495,0.978541781,0.865966178,0.279583366,1777.86,5.4014,1573.327434,1392.325163,2,0.516363563,Variable,1,,Mid,Medium,Medium-life,3
9030,45,2.63,1.45,Blue-white,A,157.5,22.77031618,8.657914898,6.505804623,406350,3.8135,154505.7034,58747.41575,2,0.163109474,Variable,1,,Mid,Medium,Medium-life,3
11250,672,6.98,-2.3,Blue-white,A,2352,48.27546572,6.916255834,13.79299021,7560000,-16.054,1083094.556,155171.1398,2,0.018890938,Variable,2,,Mid,High,Medium-life,3
5112,0.63,0.876,4.68,Orange-Red,K,2.205,2.873428411,3.280169418,0.820979546,3220.56,4.09968,3676.438356,4196.847439,2,1.303636195,Variable,1,,Mid,Medium,Medium-life,3
7720,7.92,1.34,2.44,yellow-white,F,27.72,15.43773669,11.52069902,4.410781911,61142.4,3.2696,45628.65672,34051.23636,2,0.750696219,Variable,1,,Mid,Medium,Medium-life,3
12098,689,7.01,0.02,Blue-white,A,2411.5,49.07397421,7.000566934,14.02113549,8335522,0.1402,1189090.157,169627.6971,1,0.018783033,Variable,2,,Inner,High,Medium-life,3
36108,198000,10.2,-4.4,Blue,O,693000,6660.899654,653.0293778,1903.114187,7149384000,-44.88,700920000,68717647.06,1,0.030727866,Flare-Star,2,,Inner,High,Short-life,3
33300,240000,12,-6.5,Blue,B,840000,5833.333333,486.1111111,1666.666667,7992000000,-78,666000000,55500000,1,0.019936985,Flare-Star,2,,Inner,High,Short-life,4
40000,813000,14,-6.23,Blue,O,2845500,14517.85714,1036.989796,4147.959184,32520000000,-87.22,2322857143,165918367.3,1,0.017791526,Flare-Star,2,,Inner,High,Short-life,4
23000,127000,36,-5.76,Blue,O,444500,342.9783951,9.527177641,97.99382716,2921000000,-207.36,81138888.89,2253858.025,1,0.000615633,Flare-Star,2,,Inner,High,Short-life,4
17120,235000,83,-6.89,Blue,O,822500,119.3932356,1.438472718,34.11235303,4023200000,-571.87,48472289.16,584003.4838,1,5.99E-05,Flare-Star,3,,Inner,High,Short-life,4
11096,112000,12,-5.91,Blue,O,392000,2722.222222,226.8518519,777.7777778,1242752000,-70.92,103562666.7,8630222.222,2,0.016035776,Flare-Star,2,,Mid,High,Medium-life,4
14245,231000,42,-6.12,Blue,O,808500,458.3333333,10.91269841,130.952381,3290595000,-257.04,78347500,1865416.667,1,0.000459952,Flare-Star,2,,Inner,High,Short-life,4
24630,363000,63,-5.83,Blue,O,1270500,320.1058201,5.081044764,91.45880574,8940690000,-367.29,141915714.3,2252630.385,1,0.000155068,Flare-Star,3,,Inner,High,Short-life,4
12893,184000,36,-6.34,Blue,O,644000,496.9135802,13.80315501,141.9753086,2372312000,-228.24,65897555.56,1830487.654,1,0.000684425,Flare-Star,2,,Inner,High,Short-life,4
24345,142000,57,-6.24,Blue,O,497000,152.9701447,2.683686748,43.70575562,3456990000,-355.68,60648947.37,1064016.62,1,0.000160125,Flare-Star,3,,Inner,High,Short-life,4
33421,352000,67,-5.79,Blue,O,1232000,274.4486523,4.096248541,78.41390065,11764192000,-387.93,175584955.2,2620670.973,1,0.000127792,Flare-Star,3,,Inner,High,Short-life,4
3459,100000,1289,-10.7,Red,M,350000,0.210650362,0.000163422,0.060185818,345900000,-13792.3,268347.5562,208.1827434,3,1.25E-08,Variable,3,,Outer,Medium,Medium-life,5
3605,126000,1124,-10.81,Red,M,441000,0.349064728,0.000310556,0.099732779,454230000,-12150.44,404119.2171,359.53667,2,2.02E-08,Variable,3,,Mid,Medium,Short-life,5
3615,200000,1635,-11.33,Red,M,700000,0.261855998,0.000160157,0.074815999,723000000,-18524.55,442201.8349,270.4598378,2,7.48E-09,Flare-Star,3,,Mid,Medium,Short-life,5
3399,117000,1486,-10.92,Red,M,409500,0.185445495,0.000124795,0.052984427,397683000,-16227.12,267619.7847,180.0940677,3,8.55E-09,Variable,3,,Outer,Medium,Medium-life,5
3610,132000,1522,-10.86,Red,M,462000,0.199440186,0.000131038,0.05698291,476520000,-16528.92,313088.042,205.7083062,2,8.24E-09,Variable,3,,Mid,Medium,Short-life,5
3553,145000,1324,-11.03,Red,M,507500,0.289507672,0.000218661,0.082716478,515185000,-14603.72,389112.5378,293.8916448,2,1.29E-08,Flare-Star,3,,Mid,Medium,Short-life,5
4015,282000,1534,-11.39,Red,K,987000,0.419436705,0.000273427,0.119839059,1132230000,-17472.26,738089.9609,481.1538207,2,9.99E-09,Flare-Star,3,,Mid,Medium,Short-life,5
3625,74000,876,-10.25,Red,M,259000,0.337513813,0.00038529,0.096432518,268250000,-8979,306221.4612,349.5678781,2,3.66E-08,Variable,3,,Mid,Medium,Medium-life,5
6850,229000,1467,-10.07,Red,G,801500,0.372428835,0.000253871,0.106408239,1568650000,-14772.69,1069291.07,728.896435,2,1.08E-08,Flare-Star,3,,Mid,High,Short-life,5
3780,200000,1324,-10.7,Red,M,700000,0.399320926,0.000301602,0.114091693,756000000,-14166.8,570996.9789,431.2666003,2,1.41E-08,Flare-Star,3,,Mid,Medium,Short-life,5
3323,0.00043,0.0912,17.16,Red,M,0.001505,0.180945098,1.984047133,0.0516986,1.42889,1.564992,15.66765351,171.7944464,3,143.9293385,Stable,1,,Outer,Low,Long-life,0
3531,0.00093,0.0976,19.94,Red,M,0.003255,0.341705019,3.501076012,0.097630005,3.28383,1.946144,33.64579918,344.731549,3,146.3871036,Stable,1,,Outer,Low,Long-life,0
3218,0.00054,0.11,20.02,Red,M,0.00189,0.156198347,1.419984974,0.044628099,1.73772,2.2022,15.79745455,143.6132231,3,87.54274527,Stable,1,,Outer,Low,Long-life,0
3146,0.00015,0.0932,16.92,Red,M,0.000525,0.060440421,0.648502368,0.017268692,0.4719,1.576944,5.063304721,54.32730387,3,99.81755055,Stable,1,,Outer,Low,Long-life,0
3511,0.00064,0.109,17.12,Red,M,0.00224,0.188536318,1.729690995,0.05386752,2.24704,1.86608,20.61504587,189.1288612,3,94.44968172,Stable,1,,Outer,Low,Long-life,0
3225,0.00076,0.121,19.63,Red,M,0.00266,0.181681579,1.501500654,0.051909023,2.451,2.37523,20.25619835,167.4065979,3,72.51832637,Stable,1,,Outer,Low,Long-life,0
2935,0.00087,0.0932,16.88,Red,M,0.003045,0.35055444,3.761313735,0.100158411,2.55345,1.573216,27.39753219,293.9649376,3,164.9412161,Stable,1,,Outer,Low,Long-life,0
2861,0.00019,0.0899,16.71,Red,M,0.000665,0.082281512,0.915255969,0.023509003,0.54359,1.502229,6.046607341,67.25925853,3,118.9892338,Stable,1,,Outer,Low,Long-life,0
2856,0.000896,0.0782,19.56,Red,M,0.003136,0.512817158,6.557764174,0.146519188,2.558976,1.529592,32.72347826,418.4588013,3,281.5857031,Stable,1,,Outer,Low,Long-life,0
2731,0.000437,0.0856,18.09,Red,M,0.0015295,0.208738209,2.438530474,0.059639488,1.193447,1.548504,13.94213785,162.8754422,3,174.8703823,Stable,1,,Outer,Low,Long-life,0
3095,0.00019,0.492,10.87,Red,M,0.000665,0.002747207,0.005583755,0.000784916,0.58805,5.34804,1.195223577,2.429316214,3,0.725924468,Stable,1,,Outer,Low,Long-life,1
3607,0.00023,0.38,10.34,Red,M,0.000805,0.005574792,0.014670506,0.001592798,0.82961,3.9292,2.183184211,5.745221607,2,1.663959983,Stable,1,,Mid,Low,Long-life,1
3100,0.008,0.31,11.17,Red,M,0.028,0.291363163,0.939881172,0.083246618,24.8,3.4627,80,258.0645161,3,8.448853349,Variable,1,,Outer,Low,Medium-life,1
2989,0.0087,0.34,13.12,Red,M,0.03045,0.263408304,0.774730307,0.075259516,26.0043,4.4608,76.48323529,224.950692,3,6.559254228,Variable,1,,Outer,Low,Medium-life,1
3542,0.0009,0.62,14.23,Red,M,0.00315,0.008194589,0.013217079,0.002341311,3.1878,8.8226,5.141612903,8.292924037,2,0.565729083,Stable,1,,Mid,Low,Long-life,1
3243,0.0023,0.73,14.75,Red,M,0.00805,0.015106024,0.020693183,0.004316007,7.4589,10.7675,10.21767123,13.99680991,3,0.453147275,Stable,1,,Outer,Low,Medium-life,1
3091,0.0081,0.24,11.43,Red,M,0.02835,0.4921875,2.05078125,0.140625,25.0371,2.7432,104.32125,434.671875,3,18.27218846,Variable,1,,Outer,Low,Medium-life,1
3598,0.0011,0.56,14.26,Red,M,0.00385,0.012276786,0.021922832,0.003507653,3.9578,7.9856,7.0675,12.62053571,2,0.813054286,Stable,1,,Mid,Low,Long-life,1
3324,0.0034,0.34,12.23,Red,M,0.0119,0.102941176,0.302768166,0.029411765,11.3016,4.1582,33.24,97.76470588,3,5.015006623,Variable,1,,Outer,Low,Medium-life,1
3541,0.0013,0.256,14.33,Red,M,0.00455,0.06942749,0.271201134,0.019836426,4.6033,3.66848,17.98164063,70.24078369,2,8.926731875,Stable,1,,Mid,Low,Long-life,1
13420,0.00059,0.00981,13.67,Blue White,B,0.002065,21.45764427,2187.323575,6.130755507,7.9178,0.1341027,807.1151886,82274.7389,1,126584.1317,Stable,1,,Inner,Medium,Long-life,2
21020,0.0015,0.0112,11.52,Blue,B,0.00525,41.85267857,3736.846301,11.95790816,31.53,0.129024,2815.178571,251355.2296,1,111049.054,Variable,1,,Inner,Medium,Medium-life,2
18290,0.0013,0.00934,12.78,Blue,B,0.00455,52.15760538,5584.326058,14.90217297,23.777,0.1193652,2545.717345,272560.7435,1,183811.11,Variable,1,,Inner,Medium,Long-life,2
14520,0.00082,0.00972,11.92,Blue White,B,0.00287,30.37731376,3125.238041,8.679232502,11.9064,0.1158624,1224.938272,126022.4559,1,142966.3187,Variable,1,,Inner,Medium,Long-life,2
11900,0.00067,0.00898,11.38,Blue white,B,0.002345,29.07971687,3238.27582,8.308490533,7.973,0.1021924,887.8619154,98871.03735,2,171133.5736,Stable,1,,Mid,Medium,Long-life,2
8924,0.00028,0.00879,14.87,Blue white,A,0.00098,12.68376905,1442.977138,3.623934013,2.49872,0.1307073,284.2684869,32339.98714,2,142211.8118,Stable,5,,Mid,Medium,Long-life,2
12912,0.00071,0.00945,12.83,Blue white,B,0.002485,27.82676857,2944.631594,7.950505305,9.16752,0.1212435,970.1079365,102656.9245,1,149301.4765,Stable,1,,Inner,Medium,Long-life,2
14732,0.00011,0.00892,12.89,white,F,0.000385,4.838725894,542.4580599,1.382493113,1.62052,0.1149788,181.6726457,20366.88854,1,104201.6931,Stable,1,,Inner,Medium,Long-life,2
7723,0.00014,0.00878,14.81,White,A,0.00049,6.356338956,723.9566009,1.816096845,1.08122,0.1300318,123.1457859,14025.71593,2,117060.4466,Stable,5,,Mid,Low,Long-life,2
12984,0.00088,0.00996,11.23,Blue White,B,0.00308,31.04788632,3117.257663,8.870824664,11.42592,0.1118508,1147.180723,115178.7874,1,135586.6823,Variable,1,,Inner,Medium,Long-life,2
29560,188000,6.02,-4.01,Blue-white,B,658000,18156.53249,3016.035297,5187.580711,5557280000,-24.1402,923136212.6,153344885.8,1,0.147269485,Flare-Star,2,,Inner,High,Short-life,3
8945,38,2.487,0.12,Blue-White,A,133,21.50305028,8.646180249,6.143728652,339910,0.29844,136674.7085,54955.65279,2,0.18379741,Variable,1,,Mid,Medium,Medium-life,3
14060,1092,5.745,-2.04,Blue-white,A,3822,115.8005486,20.15675345,33.08587102,15353520,-11.7198,2672501.305,465187.3465,1,0.038921853,Variable,1,,Inner,High,Medium-life,3
16390,1278,5.68,-3.32,Blue-white,B,4473,138.6443662,24.4092194,39.61267606,20946420,-18.8576,3687750,649251.7606,1,0.042124546,Variable,1,,Inner,High,Medium-life,3
25070,14500,5.92,-3.98,Blue-white,B,50750,1448.080259,244.6081519,413.7372169,363515000,-23.5616,61404560.81,10372392.03,1,0.074472711,Variable,1,,Inner,High,Medium-life,3
28700,16790,6.4,-4.09,Blue-white,B,58765,1434.692383,224.1706848,409.9121094,481873000,-26.176,75292656.25,11764477.54,1,0.061463519,Variable,2,,Inner,High,Medium-life,3
26140,14520,5.49,-3.8,Blue-white,B,50820,1686.125793,307.1267382,481.7502264,379552800,-20.862,69135300.55,12592950.92,1,0.093414928,Variable,1,,Inner,High,Medium-life,3
20120,4720,6.78,-3.4,Blue-white,B,16520,359.3773114,53.00550315,102.6792318,94966400,-23.052,14006843.66,2065906.144,1,0.035975649,Variable,2,,Inner,High,Medium-life,3
13023,998,6.21,-1.38,Blue-white,A,3493,90.57646879,14.58558274,25.87899108,12996954,-8.5698,2092907.246,337022.1009,1,0.030034447,Variable,2,,Inner,High,Medium-life,3
37800,202900,6.86,-4.56,Blue,O,710150,15090.43851,2199.772377,4311.553859,7669620000,-31.2816,1118020408,162976735.9,1,0.101717096,Flare-Star,2,,Inner,High,Short-life,3
25390,223000,57,-5.92,Blue,O,780500,240.2277624,4.214522147,68.63650354,5661970000,-337.44,99332807.02,1742680.825,1,0.000182164,Flare-Star,3,,Inner,High,Short-life,4
11567,251000,36,-6.245,Blue,O,878500,677.8549383,18.82930384,193.6728395,2903317000,-224.82,80647694.44,2240213.735,2,0.000747922,Flare-Star,2,,Mid,High,Short-life,4
12675,452000,83,-5.62,Blue,O,1582000,229.6414574,2.766764547,65.61184497,5729100000,-466.46,69025301.2,831630.135,1,7.22E-05,Flare-Star,3,,Inner,High,Short-life,4
5752,245000,97,-6.63,Blue,O,857500,91.13614624,0.939547899,26.03889893,1409240000,-643.11,14528247.42,149775.7466,2,3.80E-05,Flare-Star,3,,Mid,High,Short-life,4
8927,239000,35,-7.34,Blue,O,836500,682.8571429,19.51020408,195.1020408,2133553000,-256.9,60958657.14,1741675.918,2,0.000802566,Flare-Star,2,,Mid,High,Short-life,4
7282,131000,24,-7.22,Blue,O,458500,796.0069444,33.16695602,227.4305556,953942000,-173.28,39747583.33,1656149.306,2,0.002096253,Flare-Star,2,,Mid,High,Short-life,4
19923,152000,73,-5.69,Blue,O,532000,99.83111278,1.36754949,28.52317508,3028296000,-415.37,41483506.85,568267.2171,1,7.77E-05,Flare-Star,3,,Inner,High,Short-life,4
26373,198000,39,-5.83,Blue,O,693000,455.6213018,11.68259748,130.1775148,5221854000,-227.37,133893692.3,3433171.598,1,0.000549717,Flare-Star,2,,Inner,High,Short-life,4
17383,342900,30,-6.09,Blue,O,1200150,1333.5,44.45,381,5960630700,-182.7,198687690,6622923,1,0.001412904,Flare-Star,2,,Inner,High,Short-life,4
9373,424520,24,-5.99,Blue,O,1485820,2579.548611,107.4811921,737.0138889,3979025960,-143.76,165792748.3,6908031.181,2,0.00293317,Flare-Star,2,,Mid,High,Short-life,4
3570,320000,1480,-7.58,Red,M,1120000,0.511322133,0.000345488,0.146092038,1142400000,-11218.4,771891.8919,521.5485756,2,1.15E-08,Flare-Star,3,,Mid,Medium,Short-life,5
3500,138000,1420,-8.18,Red,M,483000,0.239535806,0.000168687,0.068438802,483000000,-11615.6,340140.8451,239.5358064,3,1.03E-08,Variable,3,,Outer,Medium,Short-life,5
4287,630000,1315,-9.2,Orange,K,2205000,1.275137706,0.000969686,0.364325059,2700810000,-12098,2053847.909,1561.861528,2,2.00E-08,Flare-Star,3,,Mid,High,Short-life,5
26000,316000,1679,-9.1,Blue,B,1106000,0.392332002,0.00023367,0.112094858,8216000000,-15278.9,4893388.922,2914.466303,1,7.87E-09,Flare-Star,3,,Inner,High,Short-life,5
3600,240000,1190,-7.89,Red,M,840000,0.593178448,0.000498469,0.169479557,864000000,-9389.1,726050.4202,610.1264035,2,2.04E-08,Flare-Star,3,,Mid,Medium,Short-life,5
3614,145000,1553,-7.71,Red,M,507500,0.210422965,0.000135495,0.060120847,524030000,-11973.63,337430.7791,217.2767412,2,7.96E-09,Flare-Star,3,,Mid,Medium,Short-life,5
18000,200000,1045,-8.3,Blue,O,700000,0.641010966,0.000613408,0.18314599,3600000000,-8673.5,3444976.077,3296.627824,1,2.87E-08,Flare-Star,3,,Inner,High,Short-life,5
11000,170000,1779,-9.9,Blue-white,B,595000,0.188003126,0.000105679,0.053715179,1870000000,-17612.1,1051152.333,590.8669661,2,5.54E-09,Flare-Star,4,,Mid,High,Short-life,5
12100,120000,708.9,-7.84,Blue-white,B,420000,0.835755682,0.001178947,0.238787338,1452000000,-5557.776,2048243.758,2889.326785,1,7.93E-08,Flare-Star,3,,Inner,High,Medium-life,5
24490,248490,1134.5,-8.24,Blue-white,B,869715,0.675721846,0.000595612,0.193063385,6085520100,-9348.28,5364054.738,4728.12229,1,2.38E-08,Flare-Star,3,,Inner,High,Short-life,5
2831,0.000231,0.0915,16.21,Red,M,0.0008085,0.096569023,1.055399155,0.027591149,0.653961,1.483215,7.147114754,78.11054376,3,119.3352403,Stable,1,,Outer,Low,Long-life,0
2914,0.000631,0.116,18.39,Red,M,0.0022085,0.164127527,1.414892472,0.046893579,1.838734,2.13324,15.85115517,136.6478894,3,78.04565079,Stable,1,,Outer,Low,Long-life,0
3419,0.000245,0.126,17.56,Red,M,0.0008575,0.054012346,0.42866941,0.015432099,0.837655,2.21256,6.648055556,52.76234568,3,46.47522828,Stable,1,,Outer,Low,Long-life,0
3218,0.000452,0.0987,17.34,Red,M,0.001582,0.162394821,1.645337595,0.04639852,1.454536,1.711458,14.73694022,149.3104379,3,115.1791341,Stable,1,,Outer,Low,Long-life,0
3453,0.000621,0.0773,17.08,Red,M,0.0021735,0.363748036,4.705666697,0.10392801,2.144313,1.320284,27.7401423,358.8634192,3,262.5439261,Stable,1,,Outer,Low,Long-life,0
2889,0.000352,0.0973,16.93,Red,M,0.001232,0.130132277,1.337433469,0.03718065,1.016928,1.647289,10.45146968,107.4148991,3,111.9333194,Stable,1,,Outer,Low,Long-life,0
2968,0.000461,0.119,17.45,Red,M,0.0016135,0.113939694,0.957476416,0.032554198,1.368248,2.07655,11.49788235,96.62086011,3,66.08924778,Stable,1,,Outer,Low,Long-life,0
3484,0.000551,0.0998,16.67,Red,M,0.0019285,0.19362372,1.940117439,0.055321063,1.919684,1.663666,19.23531062,192.7385834,3,117.8986502,Stable,1,,Outer,Low,Long-life,0
2778,0.000849,0.112,19.45,Red,M,0.0029715,0.236886161,2.115055006,0.06768176,2.358522,2.1784,21.05823214,188.0199298,3,94.38239343,Stable,1,,Outer,Low,Long-life,0
3523,0.000957,0.129,16.35,Red,M,0.0033495,0.201279971,1.560309854,0.057508563,3.371511,2.10915,26.13574419,202.6026681,3,63.91963405,Stable,1,,Outer,Low,Long-life,0
3462,0.0053,0.148,11.47,Red,M,0.01855,0.846877283,5.722143802,0.241964938,18.3486,1.69756,123.977027,837.682615,3,69.02524541,Variable,1,,Outer,Low,Medium-life,1
3257,0.0024,0.46,10.73,Red,M,0.0084,0.039697543,0.086299006,0.011342155,7.8168,4.9358,16.99304348,36.94139887,3,1.833223565,Stable,1,,Outer,Low,Medium-life,1
2994,0.0072,0.28,13.45,Red,M,0.0252,0.321428571,1.147959184,0.091836735,21.5568,3.766,76.98857143,274.9591837,3,11.12590099,Variable,1,,Outer,Low,Medium-life,1
3212,0.0016,0.378,12.854,Red,M,0.0056,0.039192632,0.103684211,0.011197895,5.1392,4.858812,13.5957672,35.96763808,3,2.94240018,Stable,1,,Outer,Low,Medium-life,1
3523,0.0054,0.319,12.43,Red,M,0.0189,0.185729307,0.582223533,0.053065516,19.0242,3.96517,59.6369906,186.9498138,3,6.930115194,Variable,1,,Outer,Low,Medium-life,1
3598,0.0027,0.67,13.667,Red,M,0.00945,0.021051459,0.031420088,0.006014703,9.7146,9.15689,14.49940299,21.64089998,2,0.613591768,Stable,1,,Mid,Low,Medium-life,1
3142,0.00132,0.258,14.12,Red,M,0.00462,0.069406887,0.26901894,0.019830539,4.14744,3.64296,16.07534884,62.30755363,3,8.75886272,Stable,1,,Outer,Low,Medium-life,1
3496,0.00125,0.336,14.94,Red,M,0.004375,0.03875248,0.115334762,0.011072137,4.37,5.01984,13.00595238,38.70819161,3,3.904162501,Stable,1,,Outer,Low,Long-life,1
3324,0.0065,0.471,12.78,Red,M,0.02275,0.102550926,0.217730204,0.029300265,21.606,6.01938,45.87261146,97.39407954,3,2.27015432,Variable,1,,Outer,Low,Medium-life,1
3463,0.0027,0.675,14.776,Red,M,0.00945,0.020740741,0.030727023,0.005925926,9.3501,9.9738,13.852,20.52148148,3,0.600057149,Stable,1,,Outer,Low,Medium-life,1
16790,0.0014,0.0121,12.87,Blue,B,0.0049,33.46765931,2765.922257,9.562188375,23.506,0.155727,1942.644628,160549.1428,1,86347.92373,Variable,1,,Inner,Medium,Medium-life,2
15680,0.00122,0.0114,11.92,Blue,B,0.00427,32.85626347,2882.128374,9.387503847,19.1296,0.135888,1678.035088,147196.0603,1,99269.72669,Variable,1,,Inner,Medium,Long-life,2
14982,0.00118,0.0113,12.23,Blue,B,0.00413,32.34395802,2862.29717,9.241130864,17.67876,0.138199,1564.492035,138450.6226,1,100962.3682,Variable,1,,Inner,Medium,Long-life,2
13340,0.00109,0.0116,12.9,Blue,B,0.003815,28.35166468,2444.109025,8.100475624,14.5406,0.14964,1253.5,108060.3448,1,91238.14782,Variable,1,,Inner,Medium,Long-life,2
18340,0.00134,0.0124,11.22,Blue,B,0.00469,30.50208117,2459.845255,8.714880333,24.5756,0.139128,1981.903226,159830.9053,1,79233.29995,Variable,1,,Inner,Medium,Medium-life,2
19920,0.00156,0.0142,11.34,Blue,B,0.00546,27.07796072,1906.898642,7.736560206,31.0752,0.161028,2188.394366,154112.2793,1,55102.40651,Variable,1,,Inner,Medium,Medium-life,2
24020,0.00159,0.0127,10.55,Blue,B,0.005565,34.50306901,2716.777087,9.858019716,38.1918,0.133985,3007.228346,236789.6336,1,77444.04266,Variable,1,,Inner,Medium,Medium-life,2
23092,0.00132,0.0104,10.18,Blue,B,0.00462,42.71449704,4107.163177,12.20414201,30.48144,0.105872,2930.907692,281818.0473,1,133723.2181,Variable,1,,Inner,Medium,Medium-life,2
17920,0.00111,0.0106,11.66,Blue,B,0.003885,34.57636169,3261.920915,9.878960484,19.8912,0.123596,1876.528302,177030.9719,1,120195.7107,Variable,1,,Inner,Medium,Long-life,2
19360,0.00125,0.00998,11.62,Blue,B,0.004375,43.9255264,4401.355351,12.5501504,24.2,0.1159676,2424.849699,242970.9118,1,148988.9619,Variable,1,,Inner,Medium,Long-life,2
22350,12450,6.36,-3.67,Blue-white,B,43575,1077.266524,169.381529,307.7904355,278257500,-23.3412,43751179.25,6879116.234,1,0.057501217,Variable,2,,Inner,High,Medium-life,3
10012,552,5.856,0.013,Blue-white,A,1932,56.33846188,9.620638983,16.0967034,5526624,0.076128,943754.0984,161160.1944,2,0.030241823,Variable,1,,Mid,Medium,Medium-life,3
13089,788,5.992,-0.12,Blue-white,A,2758,76.81581673,12.81972909,21.94737621,10314132,-0.71904,1721317.089,287269.2072,1,0.03125097,Variable,1,,Inner,High,Medium-life,3
22012,6748,6.64,-2.55,Blue-white,B,23618,535.6818842,80.67498255,153.0519669,148536976,-16.932,22370026.51,3368979.895,1,0.04241757,Variable,2,,Inner,High,Medium-life,3
34190,198200,6.39,-4.57,Blue,O,693700,16989.08457,2658.69868,4854.024162,6776458000,-29.2023,1060478560,165959086.1,1,0.125013125,Flare-Star,2,,Inner,High,Short-life,3
32460,173800,6.237,-4.36,Blue,O,608300,15637.4642,2507.209267,4467.846913,5641548000,-27.19332,904529100.5,145026310.8,1,0.129488096,Flare-Star,2,,Inner,High,Short-life,3
9320,29,1.91,1.236,Blue-white,A,101.5,27.82270223,14.56685981,7.949343494,270280,2.36076,141507.8534,74087.88136,2,0.375602001,Variable,1,,Mid,Medium,Medium-life,3
19400,10920,6.03,-3.08,Blue-white,B,38220,1051.129097,174.3165999,300.3225993,211848000,-18.5724,35132338.31,5826258.426,1,0.064986921,Variable,2,,Inner,High,Medium-life,3
17140,883,5.653,-2.64,Blue-white,B,3090.5,96.70986499,17.10770653,27.63139,15134620,-14.92392,2677272.245,473602.0246,1,0.038447323,Variable,1,,Inner,High,Medium-life,3
8250,9.25,1.93,-0.98,yellow-white,F,32.375,8.691508497,4.503372278,2.483288142,76312.5,-1.8914,39540.15544,20487.12717,2,0.262644656,Variable,1,,Mid,Medium,Medium-life,3
23678,244290,35,-6.27,Blue,O,855015,697.9714286,19.94204082,199.4204082,5784298620,-219.45,165265674.9,4721876.424,1,0.000807602,Flare-Star,2,,Inner,High,Short-life,4
12749,332520,76,-7.02,Blue,O,1163820,201.4923823,2.651215556,57.56925208,4239297480,-533.52,55780230,733950.3947,1,8.61E-05,Flare-Star,3,,Inner,High,Short-life,4
9383,342940,98,-6.98,Blue,O,1200290,124.9781341,1.275287083,35.70803832,3217806020,-684.04,32834755.31,335048.5235,2,4.05E-05,Flare-Star,3,,Mid,High,Short-life,4
23440,537430,81,-5.975,Blue,O,1881005,286.6948636,3.53944276,81.91281817,12597359200,-483.975,155522953.1,1920036.458,1,8.16E-05,Flare-Star,3,,Inner,High,Short-life,4
16787,246730,62,-6.35,Blue,O,863555,224.6501041,3.623388775,64.18574402,4141856510,-393.7,66804137.26,1077486.085,1,0.0001457,Flare-Star,3,,Inner,High,Short-life,4
18734,224780,46,-7.45,Blue,O,786730,371.8005671,8.082621024,106.2287335,4211028520,-342.7,91544098.26,1990089.093,1,0.000347376,Flare-Star,3,,Inner,High,Short-life,4
9892,593900,80,-7.262,Blue,O,2078650,324.7890625,4.059863281,92.796875,5874858800,-580.96,73435735,917946.6875,2,8.72E-05,Flare-Star,3,,Mid,High,Short-life,4
10930,783930,25,-6.224,Blue,O,2743755,4390.008,175.60032,1254.288,8568354900,-155.6,342734196,13709367.84,2,0.00309214,Flare-Star,2,,Mid,High,Short-life,4
23095,347820,86,-5.905,Blue,O,1217370,164.5984316,1.913935251,47.02812331,8032902900,-507.83,93405847.67,1086114.508,1,6.02E-05,Flare-Star,3,,Inner,High,Short-life,4
21738,748890,92,-7.346,Blue,O,2621115,309.6780482,3.366065741,88.47944234,16279370820,-675.832,176949682.8,1923366.118,1,6.12E-05,Flare-Star,3,,Inner,High,Short-life,4
24145,382993,1494,-8.84,Blue-white,B,1340475.5,0.600561774,0.000401982,0.171589078,9247365985,-13206.96,6189669.334,4143.018296,1,1.18E-08,Flare-Star,3,,Inner,High,Short-life,5
38234,272830,1356,-9.29,Blue,O,954905,0.519326864,0.000382984,0.148379104,10431382220,-12597.24,7692759.749,5673.126659,1,1.43E-08,Flare-Star,3,,Inner,High,Short-life,5
32489,648430,1948.5,-10.84,Blue,O,2269505,0.597764781,0.000306782,0.170789937,21066842270,-21121.74,10811825.65,5548.794275,1,6.19E-09,Flare-Star,4,,Inner,High,Short-life,5
27739,849420,1252,-7.59,Blue-white,B,2972970,1.896626739,0.001514878,0.541893354,23562061380,-9502.68,18819537.84,15031.57975,1,2.52E-08,Flare-Star,3,,Inner,High,Short-life,5
21904,748490,1130,-7.67,Blue-white,B,2619715,2.051621114,0.001815594,0.586177461,16394924960,-8667.1,14508783.15,12839.63111,1,3.30E-08,Flare-Star,3,,Inner,High,Short-life,5
38940,374830,1356,-9.93,Blue,O,1311905,0.713481979,0.000526167,0.203851994,14595880200,-13465.08,10763923.45,7937.996646,1,1.57E-08,Flare-Star,3,,Inner,High,Short-life,5
30839,834042,1194,-10.63,Blue,O,2919147,2.04761033,0.001714917,0.585031523,25721021238,-12692.22,21541893.83,18041.78713,1,2.89E-08,Flare-Star,3,,Inner,High,Short-life,5
8829,537493,1423,-10.73,White,A,1881225.5,0.92903282,0.000652869,0.265437949,4745525697,-15268.79,3334873.996,2343.551649,2,1.51E-08,Flare-Star,3,,Mid,High,Short-life,5
9235,404940,1112,-11.23,White,A,1417290,1.146170294,0.001030729,0.327477227,3739620900,-12487.76,3362968.435,3024.25219,2,2.91E-08,Flare-Star,3,,Mid,High,Short-life,5
37882,294903,1783,-7.8,Blue,O,1032160.5,0.324671785,0.000182093,0.092763367,11171515446,-13907.4,6265572.32,3514.061873,1,6.45E-09,Flare-Star,3,,Inner,High,Short-life,5
